week,sentiment_mean,sentiment_std,subjectivity_mean,subjectivity_std,counting
2025-38,0.2651308072886609,0.693119671473365,0.2910429370498309,0.5960193244129272,7.0
2025-39,-0.0538107223295528,0.7046616701459968,-0.11193843697063931,0.8666153698008978,13.0
2025-40,-0.22629451681740817,0.8026496525788779,0.08715548640061282,0.944372947868364,6.0
2025-41,-0.23355339059327374,0.6697056274847714,0.4035533905932737,0.42928932188134517,2.0
2025-42,0.5336327010308984,0.7033509799431128,-0.205615751417702,0.36431397922561265,6.0
2025-43,-0.9458159590820825,0.33758575684279746,-0.6173951545655509,1.0,2.0
