topic,sentiment_mean,sentiment_std,subjectivity_mean,subjectivity_std,counting
Adaptation,0.2651877309546054,0.7312872694206718,0.143105915132839,1.1064428904713963,24.0
Causes,0.06666472591117646,0.7764270007487928,0.48027995753460406,1.3877258558331729,28.0
Hazard,-0.10155190969546969,1.0487870923522862,0.06417091995796487,0.9054487744907868,64.0
Impacts,0.02475339817749854,0.9016059844409104,-0.1647839843568967,0.7615116877503779,94.0
Mitigation,-0.3950213612511511,1.0839773547034999,-0.0434859588512604,0.7149659615415036,7.0
Resilience,-0.33864943323460234,0.752888679725305,-0.2643350409804916,0.377438007647811,6.0
