keyword,sentiment_mean,sentiment_std,subjectivity_mean,subjectivity_std,counting
'Dürre',0.23559215541389875,0.5381379297537494,-0.08759018759018757,0.5903753621919939,6.0
'Hitzewelle',-0.2029993775760968,1.0563411562236005,0.030303030303030276,0.9094696180884192,3.0
'Niedrigwasser',-0.22288813308843505,1.0,0.7727272727272726,1.0,1.0
