week,sentiment_mean,sentiment_std,subjectivity_mean,subjectivity_std,counting
2025-38,0.13918241170015364,0.8028372565376141,0.1886663872985239,0.6982631931066761,7.0
2025-39,0.024649313060111293,0.6773658472557128,-0.21103857218479002,1.0105712962093212,13.0
2025-40,0.034688872820418964,1.0606647677714174,-0.029563626887515203,0.9310089691747927,11.0
2025-41,0.30437216476711043,0.6880392047819684,0.5984308941525308,0.9879608308825883,7.0
2025-42,0.21175624385354114,0.7269074669793227,-0.34934572060219576,0.3430328020139485,9.0
2025-43,-0.7415233943400211,0.9246055230717594,-0.21445365073002737,0.501805087330971,6.0
2025-44,-0.1341958168398308,0.8993046480933053,0.2375939174649158,0.8586607796675797,8.0
