topic,sentiment_mean,sentiment_std,subjectivity_mean,subjectivity_std,counting
Adaptation,0.3080364005239208,0.8705196399697306,0.09672134486494441,1.0852655863198573,32.0
Causes,0.04742497366372815,0.7832477982017648,0.37370650138340855,1.3553866383528617,35.0
Hazard,-0.0024598106128845445,1.0068506913855564,0.04240817631137165,0.9583181462755279,107.0
Impacts,-0.051037076983967075,0.9101529796993014,-0.10461176817584612,0.8194609499937222,135.0
Mitigation,-0.10227193087893431,0.8955562777892146,-0.07461135857075522,0.8118689963644103,9.0
Resilience,-0.2736174924463436,0.9779623767710879,-0.06337196377075568,0.801171180467615,13.0
