topic,sentiment_mean,sentiment_std,subjectivity_mean,subjectivity_std,counting
Hazard,0.2639673686545007,0.553836897955923,0.1261234795634462,0.6793873538844893,7.0
Impacts,-0.7071067811865475,1.0,-0.7071067811865476,1.0,1.0
