topic,sentiment_mean,sentiment_std,subjectivity_mean,subjectivity_std,counting
Adaptation,0.2651877309546054,0.7312872694206718,0.143105915132839,1.1064428904713963,24.0
Causes,0.0479364728397289,0.7857381700592174,0.3828279143740888,1.3303798462416714,27.0
Hazard,-0.1002170075440359,1.0565870230994925,0.0821118016015843,0.9310727248459805,62.0
Impacts,0.024628147076885848,0.9008791921908628,-0.14782344733539685,0.794458324867236,94.0
Mitigation,-0.3702576945112801,1.0642349984157966,0.041260763426279996,0.7972011262870313,7.0
Resilience,-0.5504741498519035,0.8720321655865234,-0.3965025614707374,0.4093402034230495,4.0
