topic,sentiment_mean,sentiment_std,subjectivity_mean,subjectivity_std,counting
Adaptation,0.2399001947139015,0.7160322415692033,0.24966267296782313,1.1088557379371842,21.0
Causes,0.07986040342800078,0.7513389650619817,0.26087764328821034,1.2845415059767058,21.0
Hazard,-0.07096609795090537,1.0022092506024416,0.12269306042983147,0.917623104815018,36.0
Impacts,-0.02108065521060076,0.9083040201232282,-0.23892009319967952,0.7365481406448806,64.0
Mitigation,-0.3930575132059338,1.3305003399433704,0.23491599548081554,0.7168133156546983,5.0
