topic,sentiment_mean,sentiment_std,subjectivity_mean,subjectivity_std,counting
Adaptation,0.20357741983311453,0.7413521764291541,0.12785234349262684,1.0574880440935235,24.0
Causes,-0.005503212354607214,0.7952200012098818,0.30512841618911496,1.259304555671315,26.0
Hazard,-0.066970931885151,1.0251624777405315,0.1463592984654005,0.9664839916531924,52.0
Impacts,0.027269131767937594,0.9075569265599677,-0.1810476766937256,0.7864315937539199,85.0
Mitigation,-0.38442315858843606,1.0477338434699837,0.006067107791996358,0.7493651438731574,7.0
