topic,sentiment_mean,sentiment_std,subjectivity_mean,subjectivity_std,counting
Adaptation,0.25990839203010113,0.8680750839579509,0.07410233136292635,1.0798853882756103,30.0
Causes,0.05644863247283522,0.8041712794600021,0.3353574967152186,1.3263405978113618,31.0
Hazard,0.01942238418056148,1.009825151945974,0.050457704652248116,0.9699658332049391,101.0
Impacts,-0.05790328641157023,0.8947129292086198,-0.09376487060072995,0.8278525930263917,123.0
Mitigation,-0.07705387081948045,0.9538631657120517,-0.037392250949147755,0.7892030198160227,8.0
Resilience,-0.29210225401268536,0.9720916480725756,-0.047273918366122755,0.7623159928202494,13.0
