topic,sentiment_mean,sentiment_std,subjectivity_mean,subjectivity_std,counting
Adaptation,0.2389717735723941,0.7328605943004621,0.1627223308747399,1.1195681100839858,24.0
Causes,0.07016850914801823,0.7955503459491945,0.4338647708822006,1.3811809843658551,30.0
Hazard,-0.06503148801311216,1.055795544848768,0.04193427712478894,0.897992148407764,69.0
Impacts,0.005030599994075091,0.8916344684906171,-0.15400634340182887,0.7684162219125286,94.0
Mitigation,-0.21441043335116677,1.1410224489066403,-0.10307835935891707,0.6831787585266322,8.0
Resilience,-0.34991349727748894,0.7790921767024914,-0.26028933675291394,0.3730085016696848,6.0
