week,sentiment_mean,sentiment_std,subjectivity_mean,subjectivity_std,counting
2025-38,0.23785989826361467,0.6992563383547035,0.14214307461327105,0.5810687544273888,7.0
2025-39,0.004811344876494228,0.7327225315490234,-0.08916661357673385,0.7776425307339353,10.0
2025-40,-0.28129321398871576,0.8543606195946143,-0.02066707730511146,0.9094680312550855,5.0
2025-41,0.24,1.0,0.1,1.0,1.0
