topic,sentiment_mean,sentiment_std,subjectivity_mean,subjectivity_std,counting
Adaptation,0.16533704727383292,0.8016711144423457,0.12116791553224644,1.1079625031726057,25.0
Causes,0.08172622049669771,0.7896449747994954,0.38779624812802244,1.3751255881962228,31.0
Hazard,-0.01197869155845339,1.0399742134340721,0.01827292658603229,0.8866221440994267,88.0
Impacts,-0.022879257486768823,0.8975397861411812,-0.10468707387170846,0.8365719568104152,117.0
Mitigation,-0.16001660166128467,1.0974226377740217,-0.045093092393197434,0.7903244729042378,8.0
Resilience,-0.1366802491551819,0.8222793870214267,0.0072445566380297715,0.7439668211375741,11.0
