topic,sentiment_mean,sentiment_std,subjectivity_mean,subjectivity_std,counting
Adaptation,0.24945255920418477,0.7414509344046715,0.14692614795623402,1.1068226655053692,24.0
Causes,0.10392529139447143,0.7884743968279481,0.45019093095372215,1.3936257213657819,30.0
Hazard,-0.05300007816319654,1.0540492585658243,0.0032903287737524154,0.8571997063115329,72.0
Impacts,-0.020364615345551135,0.8991128115536265,-0.10754696949766113,0.8284355635604482,104.0
Mitigation,-0.20981100709976822,1.1473641063812035,-0.10408100346518363,0.6848966156333938,8.0
Resilience,-0.36146119147171557,0.8060516271298226,-0.26452379592519387,0.3776497499556609,6.0
