topic,sentiment_mean,sentiment_std,subjectivity_mean,subjectivity_std,counting
Adaptation,0.28522403764923604,0.89292937082672,0.09315246359001339,1.0449984922902218,36.0
Causes,0.03034806251725918,0.7783194034392805,0.3182837744349192,1.377532780023289,37.0
Hazard,0.026015815295026553,1.004075840069432,0.04203890105827676,0.9537157708410251,125.0
Impacts,-0.05158129280271432,0.9100727930772166,-0.08806027754195343,0.8360787456605294,159.0
Mitigation,-0.10494029023456813,0.9128869714331407,-0.041011295659874505,0.8558558817378223,9.0
Resilience,-0.26007933110168563,0.9885227053952879,-0.06951805942604357,0.8891076386575673,14.0
Vulnerability,-0.7958181944864866,1.0,-0.526631304073877,1.0,1.0
