topic,sentiment_mean,sentiment_std,subjectivity_mean,subjectivity_std,counting
Adaptation,0.2824882145186191,0.8775312993498978,0.10956077281454348,1.0401706730246754,39.0
Causes,0.018963742046281144,0.8158026145600111,0.29398113850938007,1.3807375590576163,40.0
Hazard,0.04513018202046447,1.0062160855354083,0.05768718287926504,0.9768610823568229,137.0
Impacts,-0.06939531486624834,0.9137603371483587,-0.10223007602561071,0.8222162973621332,172.0
Mitigation,0.036866462767966734,0.8984648561897718,-0.012640016693592326,0.8822620005893325,12.0
Resilience,-0.2652565764952713,1.0049668645610954,-0.047262049913542444,0.8925449995348076,14.0
Vulnerability,-0.8349909434416682,1.0,-0.5132575543122897,1.0,1.0
