week,sentiment_mean,sentiment_std,subjectivity_mean,subjectivity_std,counting
2025-38,0.07087046288688979,1.1387848900099116,-0.00830639573414338,0.7464688690459443,7.0
2025-39,0.19275375137788656,0.7283582451062417,-0.3069124717855154,1.0020683470493865,13.0
2025-40,0.17596445536070168,1.1427055102926909,-0.3043115995425797,0.8075641371464541,15.0
2025-41,0.1415040482993271,0.8980799288008193,0.5339600339300138,1.364593689121436,23.0
2025-42,0.22225131810662718,0.7780301405770977,-0.10840203544114421,0.7241505539396379,16.0
2025-43,0.15158970414869358,0.8486202132092373,-0.0636441180841114,0.7291035511880908,27.0
2025-44,-0.14336952305047007,0.962164131983629,0.028184404568045388,0.868282679129397,61.0
2025-45,-0.22931212284601932,0.8608551394422513,-0.08044265136305315,0.805099677106314,18.0
2025-46,-0.7483471867659081,0.6016131745481733,0.10328987994947132,0.8565415607356288,5.0
