topic,sentiment_mean,sentiment_std,subjectivity_mean,subjectivity_std,counting
Adaptation,0.2731881239452021,0.8807876489452675,0.07842758765862248,1.0945888993870407,30.0
Causes,0.05499725169352878,0.7751816715824558,0.3776911034696584,1.3572968983081213,35.0
Hazard,0.0024273053065090736,1.005346334723213,0.04207005245051371,0.9536494179953292,107.0
Impacts,-0.048493996549512364,0.908899997613709,-0.10329714042863086,0.8199960203688519,135.0
Mitigation,-0.06056836635516133,0.9505696899946968,-0.020386282976114285,0.8503802547928324,8.0
Resilience,-0.2712236363856605,0.9791342040673829,-0.05639850288121316,0.7946641859138814,13.0
