topic,sentiment_mean,sentiment_std,subjectivity_mean,subjectivity_std,counting
Adaptation,0.3193826303437192,0.8550388360459891,0.11764223705942008,1.0474967526881287,39.0
Causes,0.016562958303713585,0.7910771530390558,0.2030958989622728,1.297924387693082,50.0
Hazard,0.012768084729612102,1.0276424725010096,0.040655861232070364,0.9781954063171087,143.0
Impacts,-0.06551801443889499,0.9244081801924408,-0.08487888192393347,0.8351221826669899,175.0
Mitigation,0.030451093011398533,0.903933743265666,-0.010213124150403338,0.8759623473579103,12.0
Resilience,-0.2652565764952713,1.0049668645610954,-0.047262049913542444,0.8925449995348076,14.0
Vulnerability,-0.8486043581886021,1.0,-0.5008561450629547,1.0,1.0
