topic,sentiment_mean,sentiment_std,subjectivity_mean,subjectivity_std,counting
Hazard,0.21140011646744253,0.6032063430685054,0.1393626492902103,0.5458561179869388,12.0
Impacts,-0.3632767531763092,0.6481354191797954,-0.37163728461566475,0.7989602942025583,7.0
Mitigation,0.758206687338543,1.0,1.044073795327749,1.0,1.0
