topic,sentiment_mean,sentiment_std,subjectivity_mean,subjectivity_std,counting
Adaptation,0.28241953505607564,0.9084442248381025,0.09553716735359317,1.0701560321205614,34.0
Causes,0.017730305480215678,0.7823724259512834,0.3187924124225065,1.3619998726825233,37.0
Hazard,0.022699138982519962,0.9979251965403987,0.050189986739080004,0.9621760724786379,120.0
Impacts,-0.04545730543689459,0.9194706043888038,-0.10477443170504105,0.8307253683703841,151.0
Mitigation,-0.09786649745560407,0.9098529701678438,-0.06131012189886953,0.8070923623047426,9.0
Resilience,-0.26758231752700234,0.989405499031193,-0.053110874298632656,0.823335699594157,13.0
Vulnerability,-0.7958181944864866,1.0,-0.526631304073877,1.0,1.0
