topic,sentiment_mean,sentiment_std,subjectivity_mean,subjectivity_std,counting
Adaptation,0.28826353269734306,0.7336741622838925,0.24344721851828854,1.132409728086151,21.0
Causes,0.002474956938081383,0.7980493324712645,0.37557180754825203,1.2924604252451108,25.0
Hazard,-0.1476520721500719,0.961726708124825,0.1099088626353445,0.9265041023801349,48.0
Impacts,0.04033268810128427,0.9216640308290988,-0.2487389506458315,0.6953676998055563,77.0
Mitigation,-0.3092211409677289,1.1533538692383907,0.17627413745017612,0.7338541137680217,5.0
