topic,sentiment_mean,sentiment_std,subjectivity_mean,subjectivity_std,counting
Adaptation,0.24955271968713313,0.7188844992171316,0.2653593475593587,1.1232935423589117,21.0
Causes,0.0924239274422152,0.748744470380972,0.28136938807573064,1.3191535527146754,21.0
Hazard,-0.15006498479009692,1.0024883477394948,0.12130066202207797,0.9035840391790316,41.0
Impacts,0.012066563017618843,0.9126828547292497,-0.23645163427766175,0.7281713328034792,68.0
Mitigation,-0.30065019102641843,1.1546062685535883,0.1795516389837966,0.7300278025935015,5.0
