topic,sentiment_mean,sentiment_std,subjectivity_mean,subjectivity_std,counting
Adaptation,0.3347481190869562,0.8415930521481063,0.08542018992017056,1.0401238304299194,41.0
Causes,0.026904650229957697,0.7774151626060501,0.19419100520843324,1.2900686131715045,52.0
Hazard,-0.001663938183816897,1.0388129193945335,0.04866970457420644,0.9814764649293217,145.0
Impacts,-0.061905592682190556,0.923529297783127,-0.08138026838501712,0.8345447746096756,178.0
Mitigation,0.0469252489439262,0.8670052227689274,-0.050614065476671535,0.8535738565748298,13.0
Resilience,-0.26177222566389824,1.0068914909811746,-0.05644806571936498,0.9016937530010156,14.0
Vulnerability,-0.869897809858354,1.0,-0.49307236303942564,1.0,1.0
