topic,sentiment_mean,sentiment_std,subjectivity_mean,subjectivity_std,counting
Adaptation,0.24345539694198004,0.7547597195418743,0.15429119787375806,1.0962809550276416,24.0
Causes,0.02994937067489474,0.8118173039476678,0.318739608404069,1.292851000139858,26.0
Hazard,-0.06286846215820421,1.0056069061527277,0.11337190360761028,0.9707324520176814,56.0
Impacts,0.0250247817485619,0.9031265019319279,-0.14666874203720537,0.7860764734779118,91.0
Mitigation,-0.3778161385960454,1.0627218368177545,0.04377100551917285,0.7949788163483358,7.0
Resilience,-0.5504741498519035,0.8720321655865234,-0.3965025614707374,0.4093402034230495,4.0
