topic,sentiment_mean,sentiment_std,subjectivity_mean,subjectivity_std,counting
Adaptation,0.16930915987233486,0.8023867159725236,0.12173156598370369,1.1029904558868653,25.0
Causes,0.08368021129597224,0.7859247528155271,0.3830779043940438,1.3686573344422737,31.0
Hazard,-0.01786519559620434,1.0454903910880187,0.011565836420025248,0.8861331584273512,85.0
Impacts,-0.021967603426097163,0.9003120623775177,-0.09976173985142026,0.8411903861467451,115.0
Mitigation,-0.16001660166128467,1.0974226377740217,-0.045093092393197434,0.7903244729042378,8.0
Resilience,-0.1366802491551819,0.8222793870214267,0.0072445566380297715,0.7439668211375741,11.0
