keyword,sentiment_mean,sentiment_std,subjectivity_mean,subjectivity_std,counting
'Dürre',0.34510995227832336,0.5592635987411261,0.018356180702808447,0.6755181492976859,6.0
'Hitzewelle',-0.2029993775760968,1.0563411562236005,0.030303030303030276,0.9094696180884192,3.0
'Hungersnot',-0.7071067811865475,1.0,-0.7071067811865476,1.0,1.0
'Niedrigwasser',-0.22288813308843505,1.0,0.7727272727272726,1.0,1.0
