topic,sentiment_mean,sentiment_std,subjectivity_mean,subjectivity_std,counting
Adaptation,0.298742585392167,0.8824686247447537,0.100855779216793,1.0880801136971876,32.0
Causes,0.007729375938201405,0.773222628871242,0.30108675010190583,1.3479942397834697,37.0
Hazard,0.034879497677885285,1.018997753612116,0.06055440958517704,0.9640150784235493,114.0
Impacts,-0.057043711728247605,0.9076279723895594,-0.10523223437900624,0.8246830634957871,145.0
Mitigation,-0.10448777068099223,0.8962215526173299,-0.0711699526872587,0.8090423461436126,9.0
Resilience,-0.2736174924463436,0.9779623767710879,-0.06337196377075568,0.801171180467615,13.0
Vulnerability,-0.77732040184368,1.0,-0.5274278595000078,1.0,1.0
