week,sentiment_mean,sentiment_std,subjectivity_mean,subjectivity_std,counting
2025-38,0.06099831633762122,1.1517721403386552,-0.020262128217641822,0.7336019560752354,7.0
2025-39,0.15509355084943566,0.6904176110080872,-0.3023666433147006,0.9816852000171372,13.0
2025-40,0.17017910112067003,1.1387934106080808,-0.3097048255780112,0.806271592392771,15.0
2025-41,0.12019813888189225,0.8852424899989665,0.559959016968503,1.3262681846599018,23.0
2025-42,0.1827373622185153,0.7847913468136944,-0.09331211918383324,0.752476487355401,16.0
2025-43,0.14795460315277287,0.8549518127249456,-0.06454146671613506,0.735988732458256,27.0
2025-44,-0.16310040677857646,0.9499718228397365,0.024907197962587606,0.8648720016642367,61.0
2025-45,-0.26666085297930725,0.9017258473417454,-0.0785943349541452,0.792384065328643,18.0
