topic,sentiment_mean,sentiment_std,subjectivity_mean,subjectivity_std,counting
Adaptation,0.22231348645363513,0.7417296603258884,0.137877655263174,1.0677772181152838,24.0
Causes,0.0025589757572429305,0.8002721352595377,0.3109034649949152,1.2650082924310457,26.0
Hazard,-0.05270476807674272,1.0211210378198157,0.16084758135367844,0.9802244028720478,52.0
Impacts,0.032268799658795554,0.9031013950552889,-0.1721087436286552,0.782348690431638,86.0
Mitigation,-0.38608635454735374,1.0478840693718534,0.025459709172098055,0.7729951078738121,7.0
Resilience,-0.5344976163754123,0.8736236322033414,-0.4146495756685996,0.4285565528857977,4.0
