topic,sentiment_mean,sentiment_std,subjectivity_mean,subjectivity_std,counting
Adaptation,0.16599117175775327,0.801028082029054,0.12555126960665589,1.102079414102472,25.0
Causes,0.08505243250712395,0.7852672502193273,0.3798186756776934,1.3611049436375982,31.0
Hazard,-0.009288398643106929,1.038836121793668,0.014988758052830764,0.8892528642411904,83.0
Impacts,-0.0290084278155255,0.9056632608933438,-0.10323878221569203,0.8380063591499363,114.0
Mitigation,-0.16001660166128467,1.0974226377740217,-0.045093092393197434,0.7903244729042378,8.0
Resilience,-0.14405665550751978,0.8063871739136018,0.0072445566380297715,0.7439668211375741,10.0
