topic,sentiment_mean,sentiment_std,subjectivity_mean,subjectivity_std,counting
Adaptation,0.3112346726055761,0.8752543423029727,0.10169870202439915,1.0870246118337605,32.0
Causes,0.05201767940489762,0.7750677108626516,0.3525600392857238,1.356065458561517,36.0
Hazard,0.0005743567184465186,1.0012070176933676,0.033932523117597736,0.954518585996095,110.0
Impacts,-0.053562943238428626,0.9159476359978135,-0.0977915743717002,0.8248306584695143,137.0
Mitigation,-0.1010215944527221,0.897401368369922,-0.07291212078615136,0.8108006613561607,9.0
Resilience,-0.2736174924463436,0.9779623767710879,-0.06337196377075568,0.801171180467615,13.0
