topic,sentiment_mean,sentiment_std,subjectivity_mean,subjectivity_std,counting
Adaptation,0.23702257415404862,0.7385281212146875,0.1650549454870753,1.11916363095548,24.0
Causes,0.07010188127492975,0.7972065249098305,0.43711625997041836,1.3833521374575741,30.0
Hazard,-0.06501671837224217,1.0548559054502,0.003653440387519883,0.852037680740794,71.0
Impacts,0.0069458639584519125,0.8900154540589186,-0.12725538628418392,0.8114855120480736,95.0
Mitigation,-0.2120152656902981,1.1438176496625068,-0.10132231035456499,0.6819042009808979,8.0
Resilience,-0.34991349727748894,0.7790921767024914,-0.26028933675291394,0.3730085016696848,6.0
