keyword,sentiment_mean,sentiment_std,subjectivity_mean,subjectivity_std,counting
'Dürre',0.23177090144969972,0.628304139985895,0.08741214115483595,0.5404904271097097,11.0
'Hitzetote',-0.28740445068466447,0.7415858755238603,-0.4130757491392887,1.034955395251429,4.0
'Hitzewelle',-0.06846804868234095,1.2171694056730706,-0.0049881981668724595,0.8978860620564217,3.0
'Hungersnot',-1.1333194694955064,1.0,-0.949157995752499,1.0,1.0
'Niedrigwasser',-0.01267851833738704,1.0,0.7108182387793281,1.0,1.0
'Trockenstress',-0.13,0.3818376618407357,0.0,0.0,2.0
'Wasser sparen',0.758206687338543,1.0,1.044073795327749,1.0,1.0
