topic,sentiment_mean,sentiment_std,subjectivity_mean,subjectivity_std,counting
Adaptation,0.25411690791481123,0.8735783883289665,0.04848088071684082,1.0837314152723438,28.0
Causes,0.06737604778017788,0.8020784361362224,0.3420314586749204,1.3332259723025646,31.0
Hazard,0.025863088747210116,1.012859969600063,0.053258407129614625,0.9662018344325929,101.0
Impacts,-0.06153163046127937,0.8870166945153871,-0.09064578340701952,0.828254079529972,122.0
Mitigation,-0.07961342461174714,0.9514786706507584,-0.03882404743743426,0.7902451130486668,8.0
Resilience,-0.29210225401268536,0.9720916480725756,-0.047273918366122755,0.7623159928202494,13.0
