week,sentiment_mean,sentiment_std,subjectivity_mean,subjectivity_std,counting
2025-38,0.04871160364168194,0.5615156181217451,0.1708585856745389,0.6576267451435037,5.0
2025-39,0.024527162114564294,0.9751808707152565,-0.15404942256936416,0.8290757695596165,4.0
2025-41,0.24,1.0,0.1,1.0,1.0
