topic,sentiment_mean,sentiment_std,subjectivity_mean,subjectivity_std,counting
Adaptation,0.2636020963245143,0.8863831289289369,0.08788525077251781,1.042686099639061,37.0
Causes,-0.0015600199772028685,0.7864335164021387,0.29999902434406167,1.3793726913711857,38.0
Hazard,0.05089643931657926,1.018853356808075,0.039854525339323654,0.9694248892930041,132.0
Impacts,-0.054541180688151863,0.9003461080598849,-0.0821223867416669,0.8327655178778648,166.0
Mitigation,-0.1207231138539079,0.9269734195330184,-0.026779173407285514,0.8713309568201208,9.0
Resilience,-0.2597377787297348,0.9930197004974747,-0.05398853151360351,0.8979950237004141,14.0
Vulnerability,-0.8095643862653455,1.0,-0.5220575566577035,1.0,1.0
