topic,sentiment_mean,sentiment_std,subjectivity_mean,subjectivity_std,counting
Adaptation,0.23013917786972424,0.722469834617593,0.1807091316216522,1.1181144898101212,23.0
Causes,-0.013212406877444995,0.8050789216846624,0.3588328400201993,1.2847238198593598,25.0
Hazard,-0.0690891071772765,1.0065924976285752,0.13785928033251377,0.962595777455939,51.0
Impacts,0.020804691964415287,0.9168078027317182,-0.22074623070211072,0.7160397064884574,80.0
Mitigation,-0.3807739636206164,1.0198421372593705,-0.0043320851978858755,0.7553559006156906,7.0
