keyword,sentiment_mean,sentiment_std,subjectivity_mean,subjectivity_std,counting
'Dürre',0.18177646624169622,0.8368983044522309,-0.3818181818181818,0.6813938073252185,2.0
'Hitzewelle',-0.2029993775760968,1.0563411562236005,0.030303030303030276,0.9094696180884192,3.0
'Niedrigwasser',-0.22288813308843505,1.0,0.7727272727272726,1.0,1.0
