topic,sentiment_mean,sentiment_std,subjectivity_mean,subjectivity_std,counting
Causes,1.8557224490186133,1.0,-0.6173951545655509,1.0,1.0
Hazard,0.1386848096298081,0.6235038958885861,0.20575006860800427,0.5806345205705462,16.0
Impacts,-0.2745424999777174,0.6643265478460416,-0.4103483933174751,0.3926846311368503,10.0
Mitigation,0.24951476721358115,1.0294313441548548,0.3697029480171927,1.3959675240652647,2.0
