topic,sentiment_mean,sentiment_std,subjectivity_mean,subjectivity_std,counting
Adaptation,0.3082581618447082,0.8863077022915429,0.10620798786076563,1.0861155676649354,32.0
Causes,0.015519966231297453,0.7706432006625981,0.30590196364594513,1.3462121821343194,37.0
Hazard,0.02077080547895919,1.0079365194666927,0.04473093152421466,0.9590648987690569,112.0
Impacts,-0.05269614848738792,0.9140001281024509,-0.09818790364413336,0.8257170850363249,141.0
Mitigation,-0.09834578632719768,0.8987791640884485,-0.06698251560599908,0.806405747992222,9.0
Resilience,-0.2736174924463436,0.9779623767710879,-0.06337196377075568,0.801171180467615,13.0
Vulnerability,-0.7622897350191795,1.0,-0.5148655482562289,1.0,1.0
