topic,sentiment_mean,sentiment_std,subjectivity_mean,subjectivity_std,counting
Adaptation,0.23680175561155037,0.7145784693731819,0.25307868002721895,1.1095413045756253,21.0
Causes,0.07324184391304837,0.7446794001458601,0.27423271118275777,1.2979413073742634,21.0
Hazard,-0.0690371659411092,1.020903373827554,0.14329976319196003,0.9228049502303042,36.0
Impacts,-0.016440311047884133,0.8983931377669795,-0.23425243814471589,0.72990553945899,68.0
Mitigation,-0.3930575132059338,1.3305003399433704,0.23491599548081554,0.7168133156546983,5.0
