week,sentiment_mean,sentiment_std,subjectivity_mean,subjectivity_std,counting
2025-38,0.046888266464985784,0.6362262689598054,0.003030303030303013,0.8224802910715258,3.0
2025-39,-0.2029993775760968,1.0563411562236005,0.030303030303030276,0.9094696180884192,3.0
