week,sentiment_mean,sentiment_std,subjectivity_mean,subjectivity_std,counting
2025-38,0.18013295987899144,0.6340985418394116,0.29799422762613414,0.6940371362356748,5.0
2025-39,0.024527162114564294,0.9751808707152565,-0.15404942256936416,0.8290757695596165,4.0
2025-40,-0.7071067811865475,1.0,-0.7071067811865476,1.0,1.0
2025-41,0.24,1.0,0.1,1.0,1.0
