topic,sentiment_mean,sentiment_std,subjectivity_mean,subjectivity_std,counting
Adaptation,0.6607528358381068,0.06555437818126597,0.4100777573574119,1.5799375260823951,2.0
Causes,-0.024315479030626835,1.0668324322892808,-0.042982012153298194,0.8076025000502753,17.0
Hazard,0.17518125278731456,0.736460171151374,0.12816667938964055,0.8198057867268717,19.0
Impacts,-0.22624847902223533,0.7843186834613817,-0.16559733467796353,0.6972799528576966,15.0
Mitigation,-0.47566386745890565,1.0,-0.5717696880816472,1.0,1.0
