topic,sentiment_mean,sentiment_std,subjectivity_mean,subjectivity_std,counting
Adaptation,0.16409862102038844,0.7971728123023418,0.12982800913867068,1.0969965062084372,25.0
Causes,0.0781777910350346,0.7921419717093329,0.45768001180808543,1.401502089980495,30.0
Hazard,-0.010177043840705688,1.057829079357458,-0.02702251830307439,0.8381212482828401,76.0
Impacts,-0.034219884135679016,0.8969999634142374,-0.10439928197384694,0.8330787981038899,106.0
Mitigation,-0.1247639459700601,1.0890929148761155,-0.07279532781385369,0.7369184062497762,8.0
Resilience,-0.0896356092796635,0.8317708622414429,0.008228276267217104,0.7204312853238614,9.0
