topic,sentiment_mean,sentiment_std,subjectivity_mean,subjectivity_std,counting
Causes,-0.2029993775760968,1.0563411562236005,0.030303030303030276,0.9094696180884192,3.0
Hazard,0.17009497134213675,0.5209186059731609,0.03531230674087816,0.6294344435224027,7.0
