week,sentiment_mean,sentiment_std,subjectivity_mean,subjectivity_std,counting
2025-38,0.07110685904188647,1.154522821600645,-0.02520136685612257,0.7362376412371879,7.0
2025-39,0.16844988332850216,0.676305713627726,-0.2936766403211879,0.9775210454826195,13.0
2025-40,0.18438866437227722,1.1388201360192856,-0.31723911763485,0.8018547424229623,15.0
2025-41,0.07530697767296325,0.8854148181670712,0.5770124082229324,1.3435802512895412,22.0
2025-42,0.1623728711170515,0.8079484986692974,-0.1153616489047726,0.7758367158963113,15.0
2025-43,0.15235931351549206,0.8582934764012109,-0.06963003271480595,0.725273533337107,27.0
2025-44,-0.16525198574310182,0.953160954178381,0.015712405996189262,0.8609152672833309,60.0
2025-45,-0.2220209034141782,0.8979480306470919,-0.029855756216264573,0.7931187187753446,17.0
