topic,sentiment_mean,sentiment_std,subjectivity_mean,subjectivity_std,counting
Adaptation,0.16635762669256318,0.801226228142486,0.12346921943137039,1.1036913911333284,25.0
Causes,0.07594812401145107,0.797025794268469,0.4147856716277427,1.3701383969672358,30.0
Hazard,-0.014508038567223968,1.0354269771868285,0.012926799966092887,0.8853420002406205,83.0
Impacts,-0.02723658740677395,0.9017797112132604,-0.10662834734000144,0.8332740624633053,114.0
Mitigation,-0.16001660166128467,1.0974226377740217,-0.045093092393197434,0.7903244729042378,8.0
Resilience,-0.08149553043207228,0.8291631304293934,0.0072445566380297715,0.7439668211375741,9.0
